SET DEFINE OFF
--PR_NOSNIK
INSERT INTO PR_NOSNIK (ID_NOSNIKA, NAZWA_NOSNIKA)
VALUES (1, 'AUDIOBOOK');

INSERT INTO PR_NOSNIK (ID_NOSNIKA, NAZWA_NOSNIKA)
VALUES (2, 'PAPER');

INSERT INTO PR_NOSNIK (ID_NOSNIKA, NAZWA_NOSNIKA)
VALUES (3, 'EBOOK');
--PR_AUTOR
INSERT INTO PR_AUTOR (ID_AUTORA, IMIE, NAZWISKO) 
VALUES (1, 'Zelda', 'Warren');

INSERT INTO PR_AUTOR (ID_AUTORA, IMIE, NAZWISKO) 
VALUES (2, 'Philippa', 'Hayes');

INSERT INTO PR_AUTOR (ID_AUTORA, IMIE, NAZWISKO) 
VALUES (3, 'Sabrina', 'Cobbett');

INSERT INTO PR_AUTOR (ID_AUTORA, IMIE, NAZWISKO) 
VALUES (4, 'Rebecca', 'Carpenter');

INSERT INTO PR_AUTOR (ID_AUTORA, IMIE, NAZWISKO) 
VALUES (5, 'Daniel', 'Johnston');

INSERT INTO PR_AUTOR (ID_AUTORA, IMIE, NAZWISKO) 
VALUES (6, 'Dexter', 'Vega');

INSERT INTO PR_AUTOR (ID_AUTORA, IMIE, NAZWISKO) 
VALUES (7, 'Priscilla', 'Buckley');

INSERT INTO PR_AUTOR (ID_AUTORA, IMIE, NAZWISKO) 
VALUES (8, 'Cecilia', 'Fairbank');

INSERT INTO PR_AUTOR (ID_AUTORA, IMIE, NAZWISKO) 
VALUES (9, 'Tommy', 'Arnold');

INSERT INTO PR_AUTOR (ID_AUTORA, IMIE, NAZWISKO) 
VALUES (10, 'Claire', 'Lyons');
--PR_GATUNEK
INSERT INTO PR_GATUNEK (ID_GATUNKU, NAZWA_GATUNKU)
VALUES (1, 'SCI-FI');

INSERT INTO PR_GATUNEK (ID_GATUNKU, NAZWA_GATUNKU)
VALUES (2, 'THRILLER');

INSERT INTO PR_GATUNEK (ID_GATUNKU, NAZWA_GATUNKU)
VALUES (3, 'HORROR');

INSERT INTO PR_GATUNEK (ID_GATUNKU, NAZWA_GATUNKU)
VALUES (4, 'FANTASY');

INSERT INTO PR_GATUNEK (ID_GATUNKU, NAZWA_GATUNKU)
VALUES (5, 'ROMANCE');

INSERT INTO PR_GATUNEK (ID_GATUNKU, NAZWA_GATUNKU)
VALUES (6, 'HISTORICAL');

INSERT INTO PR_GATUNEK (ID_GATUNKU, NAZWA_GATUNKU)
VALUES (7, 'BIOGRAPHY');

INSERT INTO PR_GATUNEK (ID_GATUNKU, NAZWA_GATUNKU)
VALUES (8, 'DOCUMENTAL');

INSERT INTO PR_GATUNEK (ID_GATUNKU, NAZWA_GATUNKU)
VALUES (9, 'CULINARY');
--PR_KSIAZKA
INSERT INTO PR_KSIAZKA (NAZWA_KSIAZKI, OCENA_KSIAZKI, ID_GATUNKU) 
VALUES ('Pirate Of The South', '5', '4');

INSERT INTO PR_KSIAZKA (NAZWA_KSIAZKI, OCENA_KSIAZKI, ID_GATUNKU) 
VALUES ('Criminal Of The Plague', '6', '2');

INSERT INTO PR_KSIAZKA (NAZWA_KSIAZKI, OCENA_KSIAZKI, ID_GATUNKU) 
VALUES ('Bandits Of The World', '7', '3');

INSERT INTO PR_KSIAZKA (NAZWA_KSIAZKI, OCENA_KSIAZKI, ID_GATUNKU) 
VALUES ('Butchers With Gold', '4', '4');

INSERT INTO PR_KSIAZKA (NAZWA_KSIAZKI, OCENA_KSIAZKI, ID_GATUNKU) 
VALUES ('Witches And Slaves', '6', '5');

INSERT INTO PR_KSIAZKA (NAZWA_KSIAZKI, OCENA_KSIAZKI, ID_GATUNKU) 
VALUES ('Fish And Giants', '7', '6');

INSERT INTO PR_KSIAZKA (NAZWA_KSIAZKI, OCENA_KSIAZKI, ID_GATUNKU) 
VALUES ('Victory Of The Banished', '9', '7');

INSERT INTO PR_KSIAZKA (NAZWA_KSIAZKI, OCENA_KSIAZKI, ID_GATUNKU) 
VALUES ('Completion Of Next Year', '10', '8');

INSERT INTO PR_KSIAZKA (NAZWA_KSIAZKI, OCENA_KSIAZKI, ID_GATUNKU) 
VALUES ('Dead At The Castle', '2', '9');

INSERT INTO PR_KSIAZKA (NAZWA_KSIAZKI, OCENA_KSIAZKI, ID_GATUNKU) 
VALUES ('Criminal With Sins', '5', '1');

INSERT INTO PR_KSIAZKA (NAZWA_KSIAZKI, OCENA_KSIAZKI, ID_GATUNKU) 
VALUES ('Turtle Without Direction', '6', '2');

INSERT INTO PR_KSIAZKA (NAZWA_KSIAZKI, OCENA_KSIAZKI, ID_GATUNKU) 
VALUES ('Guardians Of Greatness', '7', '3');

INSERT INTO PR_KSIAZKA (NAZWA_KSIAZKI, OCENA_KSIAZKI, ID_GATUNKU) 
VALUES ('Butchers With Determination', '8', '4');

INSERT INTO PR_KSIAZKA (NAZWA_KSIAZKI, OCENA_KSIAZKI, ID_GATUNKU) 
VALUES ('Hunters And Guardians', '1', '5');

INSERT INTO PR_KSIAZKA (NAZWA_KSIAZKI, OCENA_KSIAZKI, ID_GATUNKU) 
VALUES ('Origin Of Joy', '2', '6');

INSERT INTO PR_KSIAZKA (NAZWA_KSIAZKI, OCENA_KSIAZKI, ID_GATUNKU) 
VALUES ('Victory Of Perfection', '3', '7');

INSERT INTO PR_KSIAZKA (NAZWA_KSIAZKI, OCENA_KSIAZKI, ID_GATUNKU) 
VALUES ('Death In My Dreams', '5', '8');

INSERT INTO PR_KSIAZKA (NAZWA_KSIAZKI, OCENA_KSIAZKI, ID_GATUNKU) 
VALUES ('Enter The Hunter', '4', '9');

INSERT INTO PR_KSIAZKA (NAZWA_KSIAZKI, OCENA_KSIAZKI, ID_GATUNKU) 
VALUES ('King Of The Stockades', '6', '1');

INSERT INTO PR_KSIAZKA (NAZWA_KSIAZKI, OCENA_KSIAZKI, ID_GATUNKU) 
VALUES ('Blacksmith With Gold', '7', '2');
--PR_EGZEMPLARZ
INSERT INTO PR_EGZEMPLARZ (ID_EGZEMPLARZA, STATUS, NAZWA_KSIAZKI, ID_NOSNIKA) 
VALUES (1, 'BORROWED', 'Pirate Of The South', 1);

INSERT INTO PR_EGZEMPLARZ (ID_EGZEMPLARZA, STATUS, NAZWA_KSIAZKI, ID_NOSNIKA) 
VALUES (2, 'BORROWED', 'Criminal Of The Plague', 1);

INSERT INTO PR_EGZEMPLARZ (ID_EGZEMPLARZA, STATUS, NAZWA_KSIAZKI, ID_NOSNIKA) 
VALUES (3, 'BORROWED', 'Bandits Of The World', 1);

INSERT INTO PR_EGZEMPLARZ (ID_EGZEMPLARZA, STATUS, NAZWA_KSIAZKI, ID_NOSNIKA) 
VALUES (4, 'BORROWED', 'Butchers With Gold', 1);

INSERT INTO PR_EGZEMPLARZ (ID_EGZEMPLARZA, STATUS, NAZWA_KSIAZKI, ID_NOSNIKA) 
VALUES (5, 'BORROWED', 'Witches And Slaves', 1);

INSERT INTO PR_EGZEMPLARZ (ID_EGZEMPLARZA, STATUS, NAZWA_KSIAZKI, ID_NOSNIKA) 
VALUES (6, 'BORROWED', 'Fish And Giants', 1);

INSERT INTO PR_EGZEMPLARZ (ID_EGZEMPLARZA, STATUS, NAZWA_KSIAZKI, ID_NOSNIKA) 
VALUES (7, 'BORROWED', 'Victory Of The Banished', 1);

INSERT INTO PR_EGZEMPLARZ (ID_EGZEMPLARZA, STATUS, NAZWA_KSIAZKI, ID_NOSNIKA) 
VALUES (8, 'BORROWED', 'Completion Of Next Year', 1);

INSERT INTO PR_EGZEMPLARZ (ID_EGZEMPLARZA, STATUS, NAZWA_KSIAZKI, ID_NOSNIKA) 
VALUES (9, 'BORROWED', 'Dead At The Castle', 1);

INSERT INTO PR_EGZEMPLARZ (ID_EGZEMPLARZA, STATUS, NAZWA_KSIAZKI, ID_NOSNIKA) 
VALUES (10, 'BORROWED', 'Criminal With Sins', 1);

INSERT INTO PR_EGZEMPLARZ (ID_EGZEMPLARZA, STATUS, NAZWA_KSIAZKI, ID_NOSNIKA) 
VALUES (11, 'BORROWED', 'Turtle Without Direction', 1);

INSERT INTO PR_EGZEMPLARZ (ID_EGZEMPLARZA, STATUS, NAZWA_KSIAZKI, ID_NOSNIKA) 
VALUES (12, 'BORROWED', 'Guardians Of Greatness', 1);

INSERT INTO PR_EGZEMPLARZ (ID_EGZEMPLARZA, STATUS, NAZWA_KSIAZKI, ID_NOSNIKA) 
VALUES (13, 'BORROWED', 'Butchers With Determination', 1);

INSERT INTO PR_EGZEMPLARZ (ID_EGZEMPLARZA, STATUS, NAZWA_KSIAZKI, ID_NOSNIKA) 
VALUES (14, 'BORROWED', 'Hunters And Guardians', 1);

INSERT INTO PR_EGZEMPLARZ (ID_EGZEMPLARZA, STATUS, NAZWA_KSIAZKI, ID_NOSNIKA) 
VALUES (15, 'BORROWED', 'Origin Of Joy', 1);

INSERT INTO PR_EGZEMPLARZ (ID_EGZEMPLARZA, STATUS, NAZWA_KSIAZKI, ID_NOSNIKA) 
VALUES (16, 'BORROWED', 'Victory Of Perfection', 1);

INSERT INTO PR_EGZEMPLARZ (ID_EGZEMPLARZA, STATUS, NAZWA_KSIAZKI, ID_NOSNIKA) 
VALUES (17, 'BORROWED', 'Death In My Dreams', 1);

INSERT INTO PR_EGZEMPLARZ (ID_EGZEMPLARZA, STATUS, NAZWA_KSIAZKI, ID_NOSNIKA) 
VALUES (18, 'BORROWED', 'Enter The Hunter', 2);

INSERT INTO PR_EGZEMPLARZ (ID_EGZEMPLARZA, STATUS, NAZWA_KSIAZKI, ID_NOSNIKA) 
VALUES (19, 'BORROWED', 'King Of The Stockades', 2);

INSERT INTO PR_EGZEMPLARZ (ID_EGZEMPLARZA, STATUS, NAZWA_KSIAZKI, ID_NOSNIKA) 
VALUES (20, 'BORROWED', 'Blacksmith With Gold', 2);

INSERT INTO PR_EGZEMPLARZ (ID_EGZEMPLARZA, STATUS, NAZWA_KSIAZKI, ID_NOSNIKA) 
VALUES (21, 'BORROWED', 'Pirate Of The South', 2);

INSERT INTO PR_EGZEMPLARZ (ID_EGZEMPLARZA, STATUS, NAZWA_KSIAZKI, ID_NOSNIKA) 
VALUES (22, 'BORROWED', 'Criminal Of The Plague', 2);

INSERT INTO PR_EGZEMPLARZ (ID_EGZEMPLARZA, STATUS, NAZWA_KSIAZKI, ID_NOSNIKA) 
VALUES (23, 'BORROWED', 'Bandits Of The World', 2);

INSERT INTO PR_EGZEMPLARZ (ID_EGZEMPLARZA, STATUS, NAZWA_KSIAZKI, ID_NOSNIKA) 
VALUES (24, 'BORROWED', 'Butchers With Gold', 2);

INSERT INTO PR_EGZEMPLARZ (ID_EGZEMPLARZA, STATUS, NAZWA_KSIAZKI, ID_NOSNIKA) 
VALUES (25, 'BORROWED', 'Witches And Slaves', 2);

INSERT INTO PR_EGZEMPLARZ (ID_EGZEMPLARZA, STATUS, NAZWA_KSIAZKI, ID_NOSNIKA) 
VALUES (26, 'BORROWED', 'Fish And Giants', 2);

INSERT INTO PR_EGZEMPLARZ (ID_EGZEMPLARZA, STATUS, NAZWA_KSIAZKI, ID_NOSNIKA) 
VALUES (27, 'BORROWED', 'Victory Of The Banished', 2);

INSERT INTO PR_EGZEMPLARZ (ID_EGZEMPLARZA, STATUS, NAZWA_KSIAZKI, ID_NOSNIKA) 
VALUES (28, 'BORROWED', 'Completion Of Next Year', 2);

INSERT INTO PR_EGZEMPLARZ (ID_EGZEMPLARZA, STATUS, NAZWA_KSIAZKI, ID_NOSNIKA) 
VALUES (29, 'BORROWED', 'Dead At The Castle', 2);

INSERT INTO PR_EGZEMPLARZ (ID_EGZEMPLARZA, STATUS, NAZWA_KSIAZKI, ID_NOSNIKA) 
VALUES (30, 'BORROWED', 'Criminal With Sins', 2);

INSERT INTO PR_EGZEMPLARZ (ID_EGZEMPLARZA, STATUS, NAZWA_KSIAZKI, ID_NOSNIKA) 
VALUES (31, 'BORROWED', 'Turtle Without Direction', 2);

INSERT INTO PR_EGZEMPLARZ (ID_EGZEMPLARZA, STATUS, NAZWA_KSIAZKI, ID_NOSNIKA) 
VALUES (32, 'BORROWED', 'Guardians Of Greatness', 2);

INSERT INTO PR_EGZEMPLARZ (ID_EGZEMPLARZA, STATUS, NAZWA_KSIAZKI, ID_NOSNIKA) 
VALUES (33, 'BORROWED', 'Butchers With Determination', 2);

INSERT INTO PR_EGZEMPLARZ (ID_EGZEMPLARZA, STATUS, NAZWA_KSIAZKI, ID_NOSNIKA) 
VALUES (34, 'BORROWED', 'Hunters And Guardians', 2);

INSERT INTO PR_EGZEMPLARZ (ID_EGZEMPLARZA, STATUS, NAZWA_KSIAZKI, ID_NOSNIKA) 
VALUES (35, 'BORROWED', 'Origin Of Joy', 2);

INSERT INTO PR_EGZEMPLARZ (ID_EGZEMPLARZA, STATUS, NAZWA_KSIAZKI, ID_NOSNIKA) 
VALUES (36, 'BORROWED', 'Victory Of Perfection', 2);

INSERT INTO PR_EGZEMPLARZ (ID_EGZEMPLARZA, STATUS, NAZWA_KSIAZKI, ID_NOSNIKA) 
VALUES (37, 'BORROWED', 'Death In My Dreams', 2);

INSERT INTO PR_EGZEMPLARZ (ID_EGZEMPLARZA, STATUS, NAZWA_KSIAZKI, ID_NOSNIKA) 
VALUES (38, 'BORROWED', 'Enter The Hunter', 3);

INSERT INTO PR_EGZEMPLARZ (ID_EGZEMPLARZA, STATUS, NAZWA_KSIAZKI, ID_NOSNIKA) 
VALUES (39, 'BORROWED', 'King Of The Stockades', 3);

INSERT INTO PR_EGZEMPLARZ (ID_EGZEMPLARZA, STATUS, NAZWA_KSIAZKI, ID_NOSNIKA) 
VALUES (40, 'BORROWED', 'Blacksmith With Gold', 3);

INSERT INTO PR_EGZEMPLARZ (ID_EGZEMPLARZA, STATUS, NAZWA_KSIAZKI, ID_NOSNIKA) 
VALUES (41, 'BORROWED', 'Pirate Of The South', 3);

INSERT INTO PR_EGZEMPLARZ (ID_EGZEMPLARZA, STATUS, NAZWA_KSIAZKI, ID_NOSNIKA) 
VALUES (42, 'BORROWED', 'Criminal Of The Plague', 3);

INSERT INTO PR_EGZEMPLARZ (ID_EGZEMPLARZA, STATUS, NAZWA_KSIAZKI, ID_NOSNIKA) 
VALUES (43, 'BORROWED', 'Bandits Of The World', 3);

INSERT INTO PR_EGZEMPLARZ (ID_EGZEMPLARZA, STATUS, NAZWA_KSIAZKI, ID_NOSNIKA) 
VALUES (44, 'BORROWED', 'Butchers With Gold', 3);

INSERT INTO PR_EGZEMPLARZ (ID_EGZEMPLARZA, STATUS, NAZWA_KSIAZKI, ID_NOSNIKA) 
VALUES (45, 'BORROWED', 'Witches And Slaves', 3);

INSERT INTO PR_EGZEMPLARZ (ID_EGZEMPLARZA, STATUS, NAZWA_KSIAZKI, ID_NOSNIKA) 
VALUES (46, 'BORROWED', 'Fish And Giants', 3);

INSERT INTO PR_EGZEMPLARZ (ID_EGZEMPLARZA, STATUS, NAZWA_KSIAZKI, ID_NOSNIKA) 
VALUES (47, 'BORROWED', 'Victory Of The Banished', 3);

INSERT INTO PR_EGZEMPLARZ (ID_EGZEMPLARZA, STATUS, NAZWA_KSIAZKI, ID_NOSNIKA) 
VALUES (48, 'BORROWED', 'Completion Of Next Year', 3);

INSERT INTO PR_EGZEMPLARZ (ID_EGZEMPLARZA, STATUS, NAZWA_KSIAZKI, ID_NOSNIKA) 
VALUES (49, 'BORROWED', 'Dead At The Castle', 3);

INSERT INTO PR_EGZEMPLARZ (ID_EGZEMPLARZA, STATUS, NAZWA_KSIAZKI, ID_NOSNIKA) 
VALUES (50, 'BORROWED', 'Criminal With Sins', 3);

INSERT INTO PR_EGZEMPLARZ (ID_EGZEMPLARZA, STATUS, NAZWA_KSIAZKI, ID_NOSNIKA) 
VALUES (51, 'AVAILABLE', 'Turtle Without Direction', 3);

INSERT INTO PR_EGZEMPLARZ (ID_EGZEMPLARZA, STATUS, NAZWA_KSIAZKI, ID_NOSNIKA) 
VALUES (52, 'AVAILABLE', 'Guardians Of Greatness', 3);

INSERT INTO PR_EGZEMPLARZ (ID_EGZEMPLARZA, STATUS, NAZWA_KSIAZKI, ID_NOSNIKA) 
VALUES (53, 'AVAILABLE', 'Butchers With Determination', 3);

INSERT INTO PR_EGZEMPLARZ (ID_EGZEMPLARZA, STATUS, NAZWA_KSIAZKI, ID_NOSNIKA) 
VALUES (54, 'AVAILABLE', 'Hunters And Guardians', 3);

INSERT INTO PR_EGZEMPLARZ (ID_EGZEMPLARZA, STATUS, NAZWA_KSIAZKI, ID_NOSNIKA) 
VALUES (55, 'AVAILABLE', 'Origin Of Joy', 3);

INSERT INTO PR_EGZEMPLARZ (ID_EGZEMPLARZA, STATUS, NAZWA_KSIAZKI, ID_NOSNIKA) 
VALUES (56, 'AVAILABLE', 'Victory Of Perfection', 3);

INSERT INTO PR_EGZEMPLARZ (ID_EGZEMPLARZA, STATUS, NAZWA_KSIAZKI, ID_NOSNIKA) 
VALUES (57, 'AVAILABLE', 'Death In My Dreams', 3);

INSERT INTO PR_EGZEMPLARZ (ID_EGZEMPLARZA, STATUS, NAZWA_KSIAZKI, ID_NOSNIKA) 
VALUES (58, 'AVAILABLE', 'Enter The Hunter', 3);

INSERT INTO PR_EGZEMPLARZ (ID_EGZEMPLARZA, STATUS, NAZWA_KSIAZKI, ID_NOSNIKA) 
VALUES (59, 'AVAILABLE', 'King Of The Stockades', 3);

INSERT INTO PR_EGZEMPLARZ (ID_EGZEMPLARZA, STATUS, NAZWA_KSIAZKI, ID_NOSNIKA) 
VALUES (60, 'AVAILABLE', 'Blacksmith With Gold', 3);

INSERT INTO PR_EGZEMPLARZ (ID_EGZEMPLARZA, STATUS, NAZWA_KSIAZKI, ID_NOSNIKA) 
VALUES (61, 'AVAILABLE', 'Pirate Of The South', 3);

INSERT INTO PR_EGZEMPLARZ (ID_EGZEMPLARZA, STATUS, NAZWA_KSIAZKI, ID_NOSNIKA) 
VALUES (62, 'AVAILABLE', 'Pirate Of The South', 3);

INSERT INTO PR_EGZEMPLARZ (ID_EGZEMPLARZA, STATUS, NAZWA_KSIAZKI, ID_NOSNIKA) 
VALUES (63, 'AVAILABLE', 'Pirate Of The South', 3);

INSERT INTO PR_EGZEMPLARZ (ID_EGZEMPLARZA, STATUS, NAZWA_KSIAZKI, ID_NOSNIKA) 
VALUES (64, 'AVAILABLE', 'Pirate Of The South', 3);

INSERT INTO PR_EGZEMPLARZ (ID_EGZEMPLARZA, STATUS, NAZWA_KSIAZKI, ID_NOSNIKA) 
VALUES (65, 'AVAILABLE', 'Butchers With Gold', 3);

INSERT INTO PR_EGZEMPLARZ (ID_EGZEMPLARZA, STATUS, NAZWA_KSIAZKI, ID_NOSNIKA) 
VALUES (66, 'AVAILABLE', 'Butchers With Gold', 3);

INSERT INTO PR_EGZEMPLARZ (ID_EGZEMPLARZA, STATUS, NAZWA_KSIAZKI, ID_NOSNIKA) 
VALUES (67, 'AVAILABLE', 'Fish And Giants', 3);

INSERT INTO PR_EGZEMPLARZ (ID_EGZEMPLARZA, STATUS, NAZWA_KSIAZKI, ID_NOSNIKA) 
VALUES (68, 'AVAILABLE', 'Fish And Giants', 3);

INSERT INTO PR_EGZEMPLARZ (ID_EGZEMPLARZA, STATUS, NAZWA_KSIAZKI, ID_NOSNIKA) 
VALUES (69, 'AVAILABLE', 'Victory Of The Banished', 3);

INSERT INTO PR_EGZEMPLARZ (ID_EGZEMPLARZA, STATUS, NAZWA_KSIAZKI, ID_NOSNIKA) 
VALUES (70, 'AVAILABLE', 'Completion Of Next Year', 3);

INSERT INTO PR_EGZEMPLARZ (ID_EGZEMPLARZA, STATUS, NAZWA_KSIAZKI, ID_NOSNIKA) 
VALUES (71, 'AVAILABLE', 'Completion Of Next Year', 3);

INSERT INTO PR_EGZEMPLARZ (ID_EGZEMPLARZA, STATUS, NAZWA_KSIAZKI, ID_NOSNIKA) 
VALUES (72, 'AVAILABLE', 'Completion Of Next Year', 3);

INSERT INTO PR_EGZEMPLARZ (ID_EGZEMPLARZA, STATUS, NAZWA_KSIAZKI, ID_NOSNIKA) 
VALUES (73, 'AVAILABLE', 'Butchers With Determination', 3);

INSERT INTO PR_EGZEMPLARZ (ID_EGZEMPLARZA, STATUS, NAZWA_KSIAZKI, ID_NOSNIKA) 
VALUES (74, 'AVAILABLE', 'Hunters And Guardians', 3);

INSERT INTO PR_EGZEMPLARZ (ID_EGZEMPLARZA, STATUS, NAZWA_KSIAZKI, ID_NOSNIKA) 
VALUES (75, 'AVAILABLE', 'Origin Of Joy', 3);

INSERT INTO PR_EGZEMPLARZ (ID_EGZEMPLARZA, STATUS, NAZWA_KSIAZKI, ID_NOSNIKA) 
VALUES (76, 'AVAILABLE', 'Victory Of Perfection', 3);

INSERT INTO PR_EGZEMPLARZ (ID_EGZEMPLARZA, STATUS, NAZWA_KSIAZKI, ID_NOSNIKA) 
VALUES (77, 'AVAILABLE', 'Death In My Dreams', 3);

INSERT INTO PR_EGZEMPLARZ (ID_EGZEMPLARZA, STATUS, NAZWA_KSIAZKI, ID_NOSNIKA) 
VALUES (78, 'AVAILABLE', 'Enter The Hunter', 3);

INSERT INTO PR_EGZEMPLARZ (ID_EGZEMPLARZA, STATUS, NAZWA_KSIAZKI, ID_NOSNIKA) 
VALUES (79, 'AVAILABLE', 'King Of The Stockades', 3);

INSERT INTO PR_EGZEMPLARZ (ID_EGZEMPLARZA, STATUS, NAZWA_KSIAZKI, ID_NOSNIKA) 
VALUES (80, 'AVAILABLE', 'Blacksmith With Gold', 3);
--PR_ROLA
SET DEFINE OFF

INSERT INTO PR_ROLE (ID_AUTORA, NAZWA_KSIAZKI, ROLA) 
VALUES (1, 'Pirate Of The South', 'AUTHOR');

INSERT INTO PR_ROLE (ID_AUTORA, NAZWA_KSIAZKI, ROLA) 
VALUES (1, 'Criminal Of The Plague', 'AUTHOR');

INSERT INTO PR_ROLE (ID_AUTORA, NAZWA_KSIAZKI, ROLA) 
VALUES (1, 'Bandits Of The World', 'AUTHOR');

INSERT INTO PR_ROLE (ID_AUTORA, NAZWA_KSIAZKI, ROLA) 
VALUES (2, 'Butchers With Gold', 'AUTHOR');

INSERT INTO PR_ROLE (ID_AUTORA, NAZWA_KSIAZKI, ROLA) 
VALUES (2, 'Witches And Slaves', 'AUTHOR');

INSERT INTO PR_ROLE (ID_AUTORA, NAZWA_KSIAZKI, ROLA) 
VALUES (3, 'Fish And Giants', 'AUTHOR');

INSERT INTO PR_ROLE (ID_AUTORA, NAZWA_KSIAZKI, ROLA) 
VALUES (3, 'Victory Of The Banished', 'AUTHOR');

INSERT INTO PR_ROLE (ID_AUTORA, NAZWA_KSIAZKI, ROLA) 
VALUES (4, 'Completion Of Next Year', 'AUTHOR');

INSERT INTO PR_ROLE (ID_AUTORA, NAZWA_KSIAZKI, ROLA) 
VALUES (5, 'Dead At The Castle', 'AUTHOR');

INSERT INTO PR_ROLE (ID_AUTORA, NAZWA_KSIAZKI, ROLA) 
VALUES (6, 'Criminal With Sins', 'AUTHOR');

INSERT INTO PR_ROLE (ID_AUTORA, NAZWA_KSIAZKI, ROLA) 
VALUES (6, 'Guardians Of Greatness', 'AUTHOR');

INSERT INTO PR_ROLE (ID_AUTORA, NAZWA_KSIAZKI, ROLA) 
VALUES (7, 'Butchers With Determination', 'AUTHOR');

INSERT INTO PR_ROLE (ID_AUTORA, NAZWA_KSIAZKI, ROLA) 
VALUES (8, 'Hunters And Guardians', 'AUTHOR');

INSERT INTO PR_ROLE (ID_AUTORA, NAZWA_KSIAZKI, ROLA) 
VALUES (9, 'Origin Of Joy', 'AUTHOR');

INSERT INTO PR_ROLE (ID_AUTORA, NAZWA_KSIAZKI, ROLA) 
VALUES (10, 'Victory Of Perfection', 'AUTHOR');

INSERT INTO PR_ROLE (ID_AUTORA, NAZWA_KSIAZKI, ROLA) 
VALUES (10, 'Death In My Dreams', 'AUTHOR');

INSERT INTO PR_ROLE (ID_AUTORA, NAZWA_KSIAZKI, ROLA) 
VALUES (5, 'Enter The Hunter', 'AUTHOR');

INSERT INTO PR_ROLE (ID_AUTORA, NAZWA_KSIAZKI, ROLA) 
VALUES (8, 'King Of The Stockades','AUTHOR');

INSERT INTO PR_ROLE (ID_AUTORA, NAZWA_KSIAZKI, ROLA) 
VALUES (9, 'Blacksmith With Gold', 'AUTHOR');

INSERT INTO PR_ROLE (ID_AUTORA, NAZWA_KSIAZKI, ROLA) 
VALUES (4, 'Pirate Of The South', 'COAUTHOR');

INSERT INTO PR_ROLE (ID_AUTORA, NAZWA_KSIAZKI, ROLA) 
VALUES (2, 'Criminal Of The Plague', 'COAUTHOR');

INSERT INTO PR_ROLE (ID_AUTORA, NAZWA_KSIAZKI, ROLA) 
VALUES (3, 'Bandits Of The World', 'COAUTHOR');

INSERT INTO PR_ROLE (ID_AUTORA, NAZWA_KSIAZKI, ROLA) 
VALUES (5, 'Fish And Giants', 'COAUTHOR');

INSERT INTO PR_ROLE (ID_AUTORA, NAZWA_KSIAZKI, ROLA) 
VALUES (6, 'Victory Of Perfection', 'COAUTHOR');

INSERT INTO PR_ROLE (ID_AUTORA, NAZWA_KSIAZKI, ROLA) 
VALUES (7, 'King Of The Stockades','COAUTHOR');

INSERT INTO PR_ROLE (ID_AUTORA, NAZWA_KSIAZKI, ROLA) 
VALUES (8, 'Enter The Hunter', 'COAUTHOR');

INSERT INTO PR_ROLE (ID_AUTORA, NAZWA_KSIAZKI, ROLA) 
VALUES (9, 'Dead At The Castle', 'COAUTHOR');
--PR_OSOBA
SET DEFINE OFF

INSERT INTO PR_OSOBA (ID_OSOBY, IMIE, NAZWISKO, KOD_POCZTOWY, MIEJSCOWOSC, ADRES) 
VALUES (1, 'Raymond', 'Andrus', '30-182', 'Kraków', 'ul. Kołłątaja Hugona 1/2');

INSERT INTO PR_OSOBA (ID_OSOBY, IMIE, NAZWISKO, KOD_POCZTOWY, MIEJSCOWOSC, ADRES) 
VALUES (2, 'Isaiah', 'Salvage', '30-183', 'Kraków', 'ul. Zaułek Wolski 5');

INSERT INTO PR_OSOBA (ID_OSOBY, IMIE, NAZWISKO, KOD_POCZTOWY, MIEJSCOWOSC, ADRES) 
VALUES (3, 'Erin', 'Sharp', '30-184', 'Kraków', 'ul. Zapolskiej Gabrieli 2/3');

INSERT INTO PR_OSOBA (ID_OSOBY, IMIE, NAZWISKO, KOD_POCZTOWY, MIEJSCOWOSC, ADRES) 
VALUES (4, 'Scout', 'Kinsman', '30-185', 'Kraków', 'Pl. Jana Pawła II 21/37');

INSERT INTO PR_OSOBA (ID_OSOBY, IMIE, NAZWISKO, KOD_POCZTOWY, MIEJSCOWOSC, ADRES) 
VALUES (5, 'Elvira', 'Hammond', '30-186', 'Kraków', 'ul. Widok 3');

INSERT INTO PR_OSOBA (ID_OSOBY, IMIE, NAZWISKO, KOD_POCZTOWY, MIEJSCOWOSC, ADRES) 
VALUES (6, 'Cole', 'Chapman', '30-187', 'Gdańsk', 'ul. Wierzbowa 23');

INSERT INTO PR_OSOBA (ID_OSOBY, IMIE, NAZWISKO, KOD_POCZTOWY, MIEJSCOWOSC, ADRES) 
VALUES (7, 'Patrick', 'Dean', '30-188', 'Gdańsk', 'ul. Arrasowa 52');

INSERT INTO PR_OSOBA (ID_OSOBY, IMIE, NAZWISKO, KOD_POCZTOWY, MIEJSCOWOSC, ADRES) 
VALUES (8, 'Hadwin', 'Vasquez', '30-189', 'Gdańsk', 'Pl. Biskupa Nankiera 9');

INSERT INTO PR_OSOBA (ID_OSOBY, IMIE, NAZWISKO, KOD_POCZTOWY, MIEJSCOWOSC, ADRES) 
VALUES (9, 'Violet', 'Long', '30-190', 'Gdańsk', 'ul. Jodłowa 7');

INSERT INTO PR_OSOBA (ID_OSOBY, IMIE, NAZWISKO, KOD_POCZTOWY, MIEJSCOWOSC, ADRES) 
VALUES (10, 'Virgil', 'Montgomery', '30-191', 'Gdańsk', 'ul. Bernardyńska 234');

INSERT INTO PR_OSOBA (ID_OSOBY, IMIE, NAZWISKO, KOD_POCZTOWY, MIEJSCOWOSC, ADRES) 
VALUES (11, 'Trista', 'Garrett', '30-192', 'Katowice', 'ul. Piaskowa 89');

INSERT INTO PR_OSOBA (ID_OSOBY, IMIE, NAZWISKO, KOD_POCZTOWY, MIEJSCOWOSC, ADRES) 
VALUES (12, 'Trina', 'Robson', '30-193', 'Katowice', 'ul. Dmowskiego Romana 98');

INSERT INTO PR_OSOBA (ID_OSOBY, IMIE, NAZWISKO, KOD_POCZTOWY, MIEJSCOWOSC, ADRES) 
VALUES (13, 'Walter', 'Cross', '30-194', 'Katowice', 'Pl. Strzelecki 21');

INSERT INTO PR_OSOBA (ID_OSOBY, IMIE, NAZWISKO, KOD_POCZTOWY, MIEJSCOWOSC, ADRES) 
VALUES (14, 'Wallace', 'Hardy', '30-195', 'Katowice', 'ul. Reymonta Władysława 2');

INSERT INTO PR_OSOBA (ID_OSOBY, IMIE, NAZWISKO, KOD_POCZTOWY, MIEJSCOWOSC, ADRES) 
VALUES (15, 'Tracy', 'Foster', '30-196', 'Katowice', 'ul. Paulińska 7');

INSERT INTO PR_OSOBA (ID_OSOBY, IMIE, NAZWISKO, KOD_POCZTOWY, MIEJSCOWOSC, ADRES) 
VALUES (16, 'Echo', 'Rodgers', '30-197', 'Warszawa', 'ul. Henryka Brodatego 56');

INSERT INTO PR_OSOBA (ID_OSOBY, IMIE, NAZWISKO, KOD_POCZTOWY, MIEJSCOWOSC, ADRES) 
VALUES (17, 'Blake', 'Banks', '30-198', 'Warszawa', 'ul. Śrutowa 5');

INSERT INTO PR_OSOBA (ID_OSOBY, IMIE, NAZWISKO, KOD_POCZTOWY, MIEJSCOWOSC, ADRES) 
VALUES (18, 'Lillian', 'Bailey', '30-199', 'Warszawa', 'ul. Wodna 65');

INSERT INTO PR_OSOBA (ID_OSOBY, IMIE, NAZWISKO, KOD_POCZTOWY, MIEJSCOWOSC, ADRES) 
VALUES (19, 'Humbert', 'Swanson', '30-200', 'Wrocław', 'ul. Ustronie 9/25');

INSERT INTO PR_OSOBA (ID_OSOBY, IMIE, NAZWISKO, KOD_POCZTOWY, MIEJSCOWOSC, ADRES) 
VALUES (20, 'Hanley', 'Hodgson', '30-201', 'Wrocław', 'ul. Dolna 76');

INSERT INTO PR_OSOBA (ID_OSOBY, IMIE, NAZWISKO, KOD_POCZTOWY, MIEJSCOWOSC, ADRES) 
VALUES (21, 'Eugenia', 'Bowen', '30-202', 'Wrocław', 'ul. Rychtalska 8/2');

INSERT INTO PR_OSOBA (ID_OSOBY, IMIE, NAZWISKO, KOD_POCZTOWY, MIEJSCOWOSC, ADRES) 
VALUES (22, 'Tasha', 'Vega', '30-203', 'Łódź', 'ul. Artura Młodnickiego 64');

INSERT INTO PR_OSOBA (ID_OSOBY, IMIE, NAZWISKO, KOD_POCZTOWY, MIEJSCOWOSC, ADRES) 
VALUES (23, 'Garth', 'Stephens', '30-204', 'Łódź', 'ul. Oleśnicka 78');

INSERT INTO PR_OSOBA (ID_OSOBY, IMIE, NAZWISKO, KOD_POCZTOWY, MIEJSCOWOSC, ADRES) 
VALUES (24, 'Craig', 'Read', '30-205', 'Łódź', 'ul. Wygodna 6');

INSERT INTO PR_OSOBA (ID_OSOBY, IMIE, NAZWISKO, KOD_POCZTOWY, MIEJSCOWOSC, ADRES) 
VALUES (25, 'Elmer', 'Welch', '30-206', 'Olsztyn', 'ul. Mieszka I 5');

INSERT INTO PR_OSOBA (ID_OSOBY, IMIE, NAZWISKO, KOD_POCZTOWY, MIEJSCOWOSC, ADRES) 
VALUES (26, 'Ged', 'Hum', '30-207', 'Olsztyn', 'ul. Rozbrat 5/9');

INSERT INTO PR_OSOBA (ID_OSOBY, IMIE, NAZWISKO, KOD_POCZTOWY, MIEJSCOWOSC, ADRES) 
VALUES (27, 'Zachary', 'Glisson', '30-208', 'Olsztyn', 'ul. Walecznych 1');

INSERT INTO PR_OSOBA (ID_OSOBY, IMIE, NAZWISKO, KOD_POCZTOWY, MIEJSCOWOSC, ADRES) 
VALUES (28, 'Winton', 'Munoz', '30-209', 'Olsztyn', 'ul. Miła 23');

INSERT INTO PR_OSOBA (ID_OSOBY, IMIE, NAZWISKO, KOD_POCZTOWY, MIEJSCOWOSC, ADRES) 
VALUES (29, 'Rosa', 'Maldonado', '30-210', 'Wrocław', 'ul. Ładna 45');

INSERT INTO PR_OSOBA (ID_OSOBY, IMIE, NAZWISKO, KOD_POCZTOWY, MIEJSCOWOSC, ADRES) 
VALUES (30, 'Bartholomew', 'Curtis', '30-211', 'Wrocław', 'ul. Ludwisarska 65');
--PR_PREFERENCJE
INSERT INTO PR_PREFERENCJE (ID_GATUNKU, ID_OSOBY, ID_AUTORA, ID_PREFERENCJI) 
VALUES (1, 3, 1, 2);

INSERT INTO PR_PREFERENCJE (ID_GATUNKU, ID_OSOBY, ID_AUTORA, ID_PREFERENCJI) 
VALUES (1, 2, 1, 3);

INSERT INTO PR_PREFERENCJE (ID_GATUNKU, ID_OSOBY, ID_AUTORA, ID_PREFERENCJI) 
VALUES (1, 4, 1, 4);

INSERT INTO PR_PREFERENCJE (ID_GATUNKU, ID_OSOBY, ID_AUTORA, ID_PREFERENCJI) 
VALUES (2, 2, 2, 5);

INSERT INTO PR_PREFERENCJE (ID_GATUNKU, ID_OSOBY, ID_AUTORA, ID_PREFERENCJI) 
VALUES (2, 4, 2, 6);

INSERT INTO PR_PREFERENCJE (ID_GATUNKU, ID_OSOBY, ID_AUTORA, ID_PREFERENCJI) 
VALUES (2, 5, 2, 7);

INSERT INTO PR_PREFERENCJE (ID_GATUNKU, ID_OSOBY, ID_AUTORA, ID_PREFERENCJI) 
VALUES (3, 8, 3, 8);

INSERT INTO PR_PREFERENCJE (ID_GATUNKU, ID_OSOBY, ID_AUTORA, ID_PREFERENCJI) 
VALUES (4, 12, 4, 9);

INSERT INTO PR_PREFERENCJE (ID_GATUNKU, ID_OSOBY, ID_AUTORA, ID_PREFERENCJI) 
VALUES (5, 15, 5, 10);

INSERT INTO PR_PREFERENCJE (ID_GATUNKU, ID_OSOBY, ID_AUTORA, ID_PREFERENCJI) 
VALUES (6, 20, 6, 11);

INSERT INTO PR_PREFERENCJE (ID_GATUNKU, ID_OSOBY, ID_AUTORA, ID_PREFERENCJI) 
VALUES (7, 22, 7, 12);

INSERT INTO PR_PREFERENCJE (ID_GATUNKU, ID_OSOBY, ID_AUTORA, ID_PREFERENCJI) 
VALUES (8, 13, 8, 13);

INSERT INTO PR_PREFERENCJE (ID_GATUNKU, ID_OSOBY, ID_AUTORA, ID_PREFERENCJI) 
VALUES (9, 14, 9, 14);

INSERT INTO PR_PREFERENCJE (ID_GATUNKU, ID_OSOBY, ID_AUTORA, ID_PREFERENCJI) 
VALUES (9, 16, 9, 15);

INSERT INTO PR_PREFERENCJE (ID_GATUNKU, ID_OSOBY, ID_AUTORA, ID_PREFERENCJI) 
VALUES (8, 18, 8, 16);

INSERT INTO PR_PREFERENCJE (ID_GATUNKU, ID_OSOBY, ID_AUTORA, ID_PREFERENCJI) 
VALUES (7, 5, 7, 17);

INSERT INTO PR_PREFERENCJE (ID_GATUNKU, ID_OSOBY, ID_AUTORA, ID_PREFERENCJI) 
VALUES (7, 2, 7, 18);

INSERT INTO PR_PREFERENCJE (ID_GATUNKU, ID_OSOBY, ID_AUTORA, ID_PREFERENCJI) 
VALUES (6, 1, 10, 19);

INSERT INTO PR_PREFERENCJE (ID_GATUNKU, ID_OSOBY, ID_AUTORA, ID_PREFERENCJI) 
VALUES (6, 14, 6, 20);
--PR_WYPOZYCZENIE
INSERT INTO PR_WYPOZYCZENIE (ID_WYPOZYCZENIA, KOSZT_WYPOZYCZENIA, DATA_WYPOZYCZENIA, DATA_ODDANIA, KARA, ID_OSOBY, ID_EGZEMPLARZA) 
VALUES (1, 88.69, to_date('2022-06-02', 'RRRR-MM-DD'), to_date('2022-11-01', 'RRRR-MM-DD'), NULL, 29, 1);

INSERT INTO PR_WYPOZYCZENIE (ID_WYPOZYCZENIA, KOSZT_WYPOZYCZENIA, DATA_WYPOZYCZENIA, DATA_ODDANIA, KARA, ID_OSOBY, ID_EGZEMPLARZA) 
VALUES (2, 2.76, to_date('2022-06-21', 'RRRR-MM-DD'), to_date('2022-11-04', 'RRRR-MM-DD'), NULL, 29, 2);

INSERT INTO PR_WYPOZYCZENIE (ID_WYPOZYCZENIA, KOSZT_WYPOZYCZENIA, DATA_WYPOZYCZENIA, DATA_ODDANIA, KARA, ID_OSOBY, ID_EGZEMPLARZA) 
VALUES (3, 107.35, to_date('2022-06-24', 'RRRR-MM-DD'), to_date('2022-11-11', 'RRRR-MM-DD'), NULL, 5, 3);

INSERT INTO PR_WYPOZYCZENIE (ID_WYPOZYCZENIA, KOSZT_WYPOZYCZENIA, DATA_WYPOZYCZENIA, DATA_ODDANIA, KARA, ID_OSOBY, ID_EGZEMPLARZA) 
VALUES (4, 42.28, to_date('2022-06-27', 'RRRR-MM-DD'), to_date('2022-11-21', 'RRRR-MM-DD'), NULL, 3, 4);

INSERT INTO PR_WYPOZYCZENIE (ID_WYPOZYCZENIA, KOSZT_WYPOZYCZENIA, DATA_WYPOZYCZENIA, DATA_ODDANIA, KARA, ID_OSOBY, ID_EGZEMPLARZA) 
VALUES (5, 10.86, to_date('2022-07-01', 'RRRR-MM-DD'), to_date('2022-12-09', 'RRRR-MM-DD'), NULL, 4, 5);

INSERT INTO PR_WYPOZYCZENIE (ID_WYPOZYCZENIA, KOSZT_WYPOZYCZENIA, DATA_WYPOZYCZENIA, DATA_ODDANIA, KARA, ID_OSOBY, ID_EGZEMPLARZA) 
VALUES (6, 96.75, to_date('2022-07-07', 'RRRR-MM-DD'), to_date('2022-12-14', 'RRRR-MM-DD'), NULL, 24, 6);

INSERT INTO PR_WYPOZYCZENIE (ID_WYPOZYCZENIA, KOSZT_WYPOZYCZENIA, DATA_WYPOZYCZENIA, DATA_ODDANIA, KARA, ID_OSOBY, ID_EGZEMPLARZA) 
VALUES (7, 4.71, to_date('2022-07-26', 'RRRR-MM-DD'), to_date('2022-12-19', 'RRRR-MM-DD'), NULL, 23, 7);

INSERT INTO PR_WYPOZYCZENIE (ID_WYPOZYCZENIA, KOSZT_WYPOZYCZENIA, DATA_WYPOZYCZENIA, DATA_ODDANIA, KARA, ID_OSOBY, ID_EGZEMPLARZA) 
VALUES (8, 117.34, to_date('2022-07-29', 'RRRR-MM-DD'), to_date('2022-12-20', 'RRRR-MM-DD'), NULL, 11, 8);

INSERT INTO PR_WYPOZYCZENIE (ID_WYPOZYCZENIA, KOSZT_WYPOZYCZENIA, DATA_WYPOZYCZENIA, DATA_ODDANIA, KARA, ID_OSOBY, ID_EGZEMPLARZA) 
VALUES (9, 6.15, to_date('2022-08-05', 'RRRR-MM-DD'), to_date('2023-01-02', 'RRRR-MM-DD'), NULL, 21, 9);

INSERT INTO PR_WYPOZYCZENIE (ID_WYPOZYCZENIA, KOSZT_WYPOZYCZENIA, DATA_WYPOZYCZENIA, DATA_ODDANIA, KARA, ID_OSOBY, ID_EGZEMPLARZA) 
VALUES (10, 15.50, to_date('2022-08-10', 'RRRR-MM-DD'), to_date('2023-01-17', 'RRRR-MM-DD'), NULL, 7, 10);

INSERT INTO PR_WYPOZYCZENIE (ID_WYPOZYCZENIA, KOSZT_WYPOZYCZENIA, DATA_WYPOZYCZENIA, DATA_ODDANIA, KARA, ID_OSOBY, ID_EGZEMPLARZA) 
VALUES (11, 75.55, to_date('2022-08-12', 'RRRR-MM-DD'), to_date('2023-01-23', 'RRRR-MM-DD'), NULL, 22, 11);

INSERT INTO PR_WYPOZYCZENIE (ID_WYPOZYCZENIA, KOSZT_WYPOZYCZENIA, DATA_WYPOZYCZENIA, DATA_ODDANIA, KARA, ID_OSOBY, ID_EGZEMPLARZA) 
VALUES (12, 76.39, to_date('2022-08-16', 'RRRR-MM-DD'), to_date('2023-01-27', 'RRRR-MM-DD'), NULL, 16, 12);

INSERT INTO PR_WYPOZYCZENIE (ID_WYPOZYCZENIA, KOSZT_WYPOZYCZENIA, DATA_WYPOZYCZENIA, DATA_ODDANIA, KARA, ID_OSOBY, ID_EGZEMPLARZA) 
VALUES (13, 104.82, to_date('2022-08-19', 'RRRR-MM-DD'), to_date('2023-02-10', 'RRRR-MM-DD'), NULL, 8, 13);

INSERT INTO PR_WYPOZYCZENIE (ID_WYPOZYCZENIA, KOSZT_WYPOZYCZENIA, DATA_WYPOZYCZENIA, DATA_ODDANIA, KARA, ID_OSOBY, ID_EGZEMPLARZA) 
VALUES (14, 20.35, to_date('2022-09-06', 'RRRR-MM-DD'), to_date('2023-02-21', 'RRRR-MM-DD'), NULL, 16, 14);

INSERT INTO PR_WYPOZYCZENIE (ID_WYPOZYCZENIA, KOSZT_WYPOZYCZENIA, DATA_WYPOZYCZENIA, DATA_ODDANIA, KARA, ID_OSOBY, ID_EGZEMPLARZA) 
VALUES (15, 119.01, to_date('2022-09-07', 'RRRR-MM-DD'), to_date('2023-03-08', 'RRRR-MM-DD'), NULL, 18, 15);

INSERT INTO PR_WYPOZYCZENIE (ID_WYPOZYCZENIA, KOSZT_WYPOZYCZENIA, DATA_WYPOZYCZENIA, DATA_ODDANIA, KARA, ID_OSOBY, ID_EGZEMPLARZA) 
VALUES (16, 84.00, to_date('2022-09-09', 'RRRR-MM-DD'), to_date('2023-03-24', 'RRRR-MM-DD'), NULL, 3, 16);

INSERT INTO PR_WYPOZYCZENIE (ID_WYPOZYCZENIA, KOSZT_WYPOZYCZENIA, DATA_WYPOZYCZENIA, DATA_ODDANIA, KARA, ID_OSOBY, ID_EGZEMPLARZA) 
VALUES (17, 50.80, to_date('2022-09-12', 'RRRR-MM-DD'), to_date('2023-03-27', 'RRRR-MM-DD'), NULL, 11, 17);

INSERT INTO PR_WYPOZYCZENIE (ID_WYPOZYCZENIA, KOSZT_WYPOZYCZENIA, DATA_WYPOZYCZENIA, DATA_ODDANIA, KARA, ID_OSOBY, ID_EGZEMPLARZA) 
VALUES (18, 43.44, to_date('2022-09-29', 'RRRR-MM-DD'), to_date('2023-03-31', 'RRRR-MM-DD'), NULL, 24, 18);

INSERT INTO PR_WYPOZYCZENIE (ID_WYPOZYCZENIA, KOSZT_WYPOZYCZENIA, DATA_WYPOZYCZENIA, DATA_ODDANIA, KARA, ID_OSOBY, ID_EGZEMPLARZA) 
VALUES (19, 48.63, to_date('2022-09-30', 'RRRR-MM-DD'), to_date('2023-04-05', 'RRRR-MM-DD'), NULL, 5, 19);

INSERT INTO PR_WYPOZYCZENIE (ID_WYPOZYCZENIA, KOSZT_WYPOZYCZENIA, DATA_WYPOZYCZENIA, DATA_ODDANIA, KARA, ID_OSOBY, ID_EGZEMPLARZA) 
VALUES (20, 20.55, to_date('2022-10-05', 'RRRR-MM-DD'), to_date('2023-04-14', 'RRRR-MM-DD'), NULL, 1, 20);

INSERT INTO PR_WYPOZYCZENIE (ID_WYPOZYCZENIA, KOSZT_WYPOZYCZENIA, DATA_WYPOZYCZENIA, DATA_ODDANIA, KARA, ID_OSOBY, ID_EGZEMPLARZA) 
VALUES (21, 17.53, to_date('2022-10-07', 'RRRR-MM-DD'), to_date('2023-05-19', 'RRRR-MM-DD'), NULL, 27, 21);

INSERT INTO PR_WYPOZYCZENIE (ID_WYPOZYCZENIA, KOSZT_WYPOZYCZENIA, DATA_WYPOZYCZENIA, DATA_ODDANIA, KARA, ID_OSOBY, ID_EGZEMPLARZA) 
VALUES (22, 101.30, to_date('2022-10-18', 'RRRR-MM-DD'), to_date('2023-05-22', 'RRRR-MM-DD'), NULL, 9, 22);

INSERT INTO PR_WYPOZYCZENIE (ID_WYPOZYCZENIA, KOSZT_WYPOZYCZENIA, DATA_WYPOZYCZENIA, DATA_ODDANIA, KARA, ID_OSOBY, ID_EGZEMPLARZA) 
VALUES (23, 28.13, to_date('2022-10-24', 'RRRR-MM-DD'), to_date('2023-05-23', 'RRRR-MM-DD'), NULL, 16, 23);

INSERT INTO PR_WYPOZYCZENIE (ID_WYPOZYCZENIA, KOSZT_WYPOZYCZENIA, DATA_WYPOZYCZENIA, DATA_ODDANIA, KARA, ID_OSOBY, ID_EGZEMPLARZA) 
VALUES (24, 26.13, to_date('2022-10-28', 'RRRR-MM-DD'), to_date('2023-05-24', 'RRRR-MM-DD'), NULL, 8, 24);

INSERT INTO PR_WYPOZYCZENIE (ID_WYPOZYCZENIA, KOSZT_WYPOZYCZENIA, DATA_WYPOZYCZENIA, DATA_ODDANIA, KARA, ID_OSOBY, ID_EGZEMPLARZA) 
VALUES (25, 12.42, to_date('2022-10-31', 'RRRR-MM-DD'), to_date('2023-05-29', 'RRRR-MM-DD'), NULL, 19, 25);

INSERT INTO PR_WYPOZYCZENIE (ID_WYPOZYCZENIA, KOSZT_WYPOZYCZENIA, DATA_WYPOZYCZENIA, DATA_ODDANIA, KARA, ID_OSOBY, ID_EGZEMPLARZA) 
VALUES (26, 24.92, to_date('2022-06-01', 'RRRR-MM-DD'), to_date('2022-08-30', 'RRRR-MM-DD'), 10.2, 22, 26);

INSERT INTO PR_WYPOZYCZENIE (ID_WYPOZYCZENIA, KOSZT_WYPOZYCZENIA, DATA_WYPOZYCZENIA, DATA_ODDANIA, KARA, ID_OSOBY, ID_EGZEMPLARZA) 
VALUES (27, 112.91, to_date('2022-06-03', 'RRRR-MM-DD'), to_date('2022-09-05', 'RRRR-MM-DD'), 1.69, 17, 27);

INSERT INTO PR_WYPOZYCZENIE (ID_WYPOZYCZENIA, KOSZT_WYPOZYCZENIA, DATA_WYPOZYCZENIA, DATA_ODDANIA, KARA, ID_OSOBY, ID_EGZEMPLARZA) 
VALUES (28, 48.67, to_date('2022-06-09', 'RRRR-MM-DD'), to_date('2022-07-12', 'RRRR-MM-DD'), 2.18, 5, 28);

INSERT INTO PR_WYPOZYCZENIE (ID_WYPOZYCZENIA, KOSZT_WYPOZYCZENIA, DATA_WYPOZYCZENIA, DATA_ODDANIA, KARA, ID_OSOBY, ID_EGZEMPLARZA) 
VALUES (29, 105.01, to_date('2022-06-10', 'RRRR-MM-DD'), to_date('2022-08-11', 'RRRR-MM-DD'), 10.12, 30, 29);

INSERT INTO PR_WYPOZYCZENIE (ID_WYPOZYCZENIA, KOSZT_WYPOZYCZENIA, DATA_WYPOZYCZENIA, DATA_ODDANIA, KARA, ID_OSOBY, ID_EGZEMPLARZA) 
VALUES (30, 80.16, to_date('2022-06-14', 'RRRR-MM-DD'), to_date('2022-09-23', 'RRRR-MM-DD'), 11.68, 20, 30);

INSERT INTO PR_WYPOZYCZENIE (ID_WYPOZYCZENIA, KOSZT_WYPOZYCZENIA, DATA_WYPOZYCZENIA, DATA_ODDANIA, KARA, ID_OSOBY, ID_EGZEMPLARZA) 
VALUES (31, 100.47, to_date('2022-06-23', 'RRRR-MM-DD'), to_date('2022-07-14', 'RRRR-MM-DD'), 14.41, 5, 31);

INSERT INTO PR_WYPOZYCZENIE (ID_WYPOZYCZENIA, KOSZT_WYPOZYCZENIA, DATA_WYPOZYCZENIA, DATA_ODDANIA, KARA, ID_OSOBY, ID_EGZEMPLARZA) 
VALUES (32, 84.24, to_date('2022-06-27', 'RRRR-MM-DD'), to_date('2022-08-23', 'RRRR-MM-DD'), 20.46, 18, 32);

INSERT INTO PR_WYPOZYCZENIE (ID_WYPOZYCZENIA, KOSZT_WYPOZYCZENIA, DATA_WYPOZYCZENIA, DATA_ODDANIA, KARA, ID_OSOBY, ID_EGZEMPLARZA) 
VALUES (33, 93.11, to_date('2022-06-28', 'RRRR-MM-DD'), to_date('2022-09-12', 'RRRR-MM-DD'), 19.06, 21, 33);

INSERT INTO PR_WYPOZYCZENIE (ID_WYPOZYCZENIA, KOSZT_WYPOZYCZENIA, DATA_WYPOZYCZENIA, DATA_ODDANIA, KARA, ID_OSOBY, ID_EGZEMPLARZA) 
VALUES (34, 78.85, to_date('2022-06-30', 'RRRR-MM-DD'), to_date('2023-01-27', 'RRRR-MM-DD'), NULL, 15, 34);

INSERT INTO PR_WYPOZYCZENIE (ID_WYPOZYCZENIA, KOSZT_WYPOZYCZENIA, DATA_WYPOZYCZENIA, DATA_ODDANIA, KARA, ID_OSOBY, ID_EGZEMPLARZA) 
VALUES (35, 75.87, to_date('2022-07-06', 'RRRR-MM-DD'), to_date('2023-02-10', 'RRRR-MM-DD'), NULL, 1, 35);

INSERT INTO PR_WYPOZYCZENIE (ID_WYPOZYCZENIA, KOSZT_WYPOZYCZENIA, DATA_WYPOZYCZENIA, DATA_ODDANIA, KARA, ID_OSOBY, ID_EGZEMPLARZA) 
VALUES (36, 85.55, to_date('2022-07-07', 'RRRR-MM-DD'), to_date('2022-09-07', 'RRRR-MM-DD'), 9.57, 10, 36);

INSERT INTO PR_WYPOZYCZENIE (ID_WYPOZYCZENIA, KOSZT_WYPOZYCZENIA, DATA_WYPOZYCZENIA, DATA_ODDANIA, KARA, ID_OSOBY, ID_EGZEMPLARZA) 
VALUES (37, 103.85, to_date('2022-07-08', 'RRRR-MM-DD'), to_date('2022-08-11', 'RRRR-MM-DD'), 10.29, 21, 37);

INSERT INTO PR_WYPOZYCZENIE (ID_WYPOZYCZENIA, KOSZT_WYPOZYCZENIA, DATA_WYPOZYCZENIA, DATA_ODDANIA, KARA, ID_OSOBY, ID_EGZEMPLARZA) 
VALUES (38, 96.24, to_date('2022-07-14', 'RRRR-MM-DD'), to_date('2022-09-23', 'RRRR-MM-DD'), 4.68, 25, 38);

INSERT INTO PR_WYPOZYCZENIE (ID_WYPOZYCZENIA, KOSZT_WYPOZYCZENIA, DATA_WYPOZYCZENIA, DATA_ODDANIA, KARA, ID_OSOBY, ID_EGZEMPLARZA) 
VALUES (39, 104.19, to_date('2022-07-15', 'RRRR-MM-DD'), to_date('2022-07-28', 'RRRR-MM-DD'), 19.57, 7, 39);

INSERT INTO PR_WYPOZYCZENIE (ID_WYPOZYCZENIA, KOSZT_WYPOZYCZENIA, DATA_WYPOZYCZENIA, DATA_ODDANIA, KARA, ID_OSOBY, ID_EGZEMPLARZA) 
VALUES (40, 111.06, to_date('2022-07-21', 'RRRR-MM-DD'), to_date('2022-09-12', 'RRRR-MM-DD'), 10.29, 22, 40);

INSERT INTO PR_WYPOZYCZENIE (ID_WYPOZYCZENIA, KOSZT_WYPOZYCZENIA, DATA_WYPOZYCZENIA, DATA_ODDANIA, KARA, ID_OSOBY, ID_EGZEMPLARZA) 
VALUES (41, 34.68, to_date('2022-07-22', 'RRRR-MM-DD'), to_date('2023-01-13', 'RRRR-MM-DD'), NULL, 30, 41);

INSERT INTO PR_WYPOZYCZENIE (ID_WYPOZYCZENIA, KOSZT_WYPOZYCZENIA, DATA_WYPOZYCZENIA, DATA_ODDANIA, KARA, ID_OSOBY, ID_EGZEMPLARZA) 
VALUES (42, 54.57, to_date('2022-07-26', 'RRRR-MM-DD'), to_date('2023-01-13', 'RRRR-MM-DD'), NULL, 3, 42);

INSERT INTO PR_WYPOZYCZENIE (ID_WYPOZYCZENIA, KOSZT_WYPOZYCZENIA, DATA_WYPOZYCZENIA, DATA_ODDANIA, KARA, ID_OSOBY, ID_EGZEMPLARZA) 
VALUES (43, 29.26, to_date('2022-07-29', 'RRRR-MM-DD'), to_date('2023-01-13', 'RRRR-MM-DD'), NULL, 14, 43);

INSERT INTO PR_WYPOZYCZENIE (ID_WYPOZYCZENIA, KOSZT_WYPOZYCZENIA, DATA_WYPOZYCZENIA, DATA_ODDANIA, KARA, ID_OSOBY, ID_EGZEMPLARZA) 
VALUES (44, 91.43, to_date('2022-08-02', 'RRRR-MM-DD'), to_date('2022-09-07', 'RRRR-MM-DD'), 5.55, 3, 44);

INSERT INTO PR_WYPOZYCZENIE (ID_WYPOZYCZENIA, KOSZT_WYPOZYCZENIA, DATA_WYPOZYCZENIA, DATA_ODDANIA, KARA, ID_OSOBY, ID_EGZEMPLARZA) 
VALUES (45, 71.24, to_date('2022-08-05', 'RRRR-MM-DD'), to_date('2022-10-12', 'RRRR-MM-DD'), 21.33, 20, 45);

INSERT INTO PR_WYPOZYCZENIE (ID_WYPOZYCZENIA, KOSZT_WYPOZYCZENIA, DATA_WYPOZYCZENIA, DATA_ODDANIA, KARA, ID_OSOBY, ID_EGZEMPLARZA) 
VALUES (46, 99.26, to_date('2022-08-17', 'RRRR-MM-DD'), to_date('2022-09-15', 'RRRR-MM-DD'), 8.37, 25, 46);

INSERT INTO PR_WYPOZYCZENIE (ID_WYPOZYCZENIA, KOSZT_WYPOZYCZENIA, DATA_WYPOZYCZENIA, DATA_ODDANIA, KARA, ID_OSOBY, ID_EGZEMPLARZA) 
VALUES (47, 99.62, to_date('2022-08-23', 'RRRR-MM-DD'), to_date('2022-10-03', 'RRRR-MM-DD'), 2.18, 13, 47);

INSERT INTO PR_WYPOZYCZENIE (ID_WYPOZYCZENIA, KOSZT_WYPOZYCZENIA, DATA_WYPOZYCZENIA, DATA_ODDANIA, KARA, ID_OSOBY, ID_EGZEMPLARZA) 
VALUES (48, 122.37, to_date('2022-08-24', 'RRRR-MM-DD'), to_date('2022-08-19', 'RRRR-MM-DD'), 9.13, 18, 48);

INSERT INTO PR_WYPOZYCZENIE (ID_WYPOZYCZENIA, KOSZT_WYPOZYCZENIA, DATA_WYPOZYCZENIA, DATA_ODDANIA, KARA, ID_OSOBY, ID_EGZEMPLARZA) 
VALUES (49, 75.84, to_date('2022-08-26', 'RRRR-MM-DD'), to_date('2022-10-15', 'RRRR-MM-DD'), 2.54, 20, 49);

INSERT INTO PR_WYPOZYCZENIE (ID_WYPOZYCZENIA, KOSZT_WYPOZYCZENIA, DATA_WYPOZYCZENIA, DATA_ODDANIA, KARA, ID_OSOBY, ID_EGZEMPLARZA) 
VALUES (50, 35.57, to_date('2022-08-29', 'RRRR-MM-DD'), to_date('2022-11-30', 'RRRR-MM-DD'), 10.5, 14, 50);

--Sprawdzenie
SELECT 'PR_AUTOR', COUNT(*) FROM PR_AUTOR
UNION
SELECT 'PR_EGZEMPLARZ', COUNT(*) FROM PR_EGZEMPLARZ
UNION
SELECT 'PR_GATUNEK', COUNT(*) FROM PR_GATUNEK
UNION
SELECT 'PR_KSIAZKA', COUNT(*) FROM PR_KSIAZKA
UNION
SELECT 'PR_NOSNIK', COUNT(*) FROM PR_NOSNIK
UNION
SELECT 'PR_OSOBA', COUNT(*) FROM PR_OSOBA
UNION
SELECT 'PR_PREFERENCJE', COUNT(*) FROM PR_PREFERENCJE
UNION
SELECT 'PR_ROLE', COUNT(*) FROM PR_ROLE
UNION
SELECT 'PR_WYPOZYCZENIE', COUNT(*) FROM PR_WYPOZYCZENIE


